[
    {
      "id": 1,
      "type": "customer",
      "events": [
        {"id": 1, "interface" : "query", "branch" : 1},
        {"id": 2, "interface" : "deposit", "money" : 10, "branch" : 1},
        {"id": 3, "interface" : "query", "branch" : 1},
        {"id": 4, "interface" : "query", "branch" : 2},
        {"id": 5, "interface" : "deposit", "money" : 10, "branch" : 2},
        {"id": 6, "interface" : "query", "branch" : 2},
        {"id": 7, "interface" : "query", "branch" : 3},
        {"id": 8, "interface" : "deposit", "money" : 10, "branch" : 3},
        {"id": 9, "interface" : "query", "branch" : 3},
        {"id": 10, "interface" : "query", "branch" : 4},
        {"id": 11, "interface" : "deposit", "money" : 10, "branch" : 4},
        {"id": 12, "interface" : "query", "branch" : 4},
        {"id": 13, "interface" : "query", "branch" : 5},
        {"id": 14, "interface" : "deposit", "money" : 10, "branch" : 5},
        {"id": 5, "interface" : "query", "branch" : 5},
        {"id": 16, "interface" : "query", "branch" : 6},
        {"id": 17, "interface" : "deposit", "money" : 10, "branch" : 6},
        {"id": 18, "interface" : "query", "branch" : 6},
        {"id": 19, "interface" : "query", "branch" : 7},
        {"id": 20, "interface" : "deposit", "money" : 10, "branch" : 7},
        {"id": 21, "interface" : "query", "branch" : 7},
        {"id": 22, "interface" : "query", "branch" : 8},
        {"id": 23, "interface" : "deposit", "money" : 10, "branch" : 8},
        {"id": 24, "interface" : "query", "branch" : 8},
        {"id": 25, "interface" : "query", "branch" : 9},
        {"id": 26, "interface" : "deposit", "money" : 10, "branch" : 9},
        {"id": 27, "interface" : "query", "branch" : 9},
        {"id": 28, "interface" : "query", "branch" : 10},
        {"id": 29, "interface" : "deposit", "money" : 10, "branch" : 10},
        {"id": 30, "interface" : "query", "branch" : 10},
        
        {"id": 31, "interface" : "query", "branch" : 1},
        {"id": 32, "interface" : "withdraw", "money" : 10, "branch" : 1},
        {"id": 33, "interface" : "query", "branch" : 1},
        {"id": 34, "interface" : "query", "branch" : 2},
        {"id": 35, "interface" : "withdraw", "money" : 10, "branch" : 2},
        {"id": 36, "interface" : "query", "branch" : 2},
        {"id": 37, "interface" : "query", "branch" : 3},
        {"id": 38, "interface" : "withdraw", "money" : 10, "branch" : 3},
        {"id": 39, "interface" : "query", "branch" : 3},
        {"id": 40, "interface" : "query", "branch" : 4},
        {"id": 41, "interface" : "withdraw", "money" : 10, "branch" : 4},
        {"id": 42, "interface" : "query", "branch" : 4},
        {"id": 43, "interface" : "query", "branch" : 5},
        {"id": 44, "interface" : "withdraw", "money" : 10, "branch" : 5},
        {"id": 45, "interface" : "query", "branch" : 5},
        {"id": 46, "interface" : "query", "branch" : 6},
        {"id": 47, "interface" : "withdraw", "money" : 10, "branch" : 6},
        {"id": 48, "interface" : "query", "branch" : 6},
        {"id": 49, "interface" : "query", "branch" : 7},
        {"id": 50, "interface" : "withdraw", "money" : 10, "branch" : 7},
        {"id": 51, "interface" : "query", "branch" : 7},
        {"id": 52, "interface" : "query", "branch" : 8},
        {"id": 53, "interface" : "withdraw", "money" : 10, "branch" : 8},
        {"id": 54, "interface" : "query", "branch" : 8},
        {"id": 55, "interface" : "query", "branch" : 9},
        {"id": 56, "interface" : "withdraw", "money" : 10, "branch" : 9},
        {"id": 57, "interface" : "query", "branch" : 9},
        {"id": 58, "interface" : "query", "branch" : 10},
        {"id": 59, "interface" : "withdraw", "money" : 10, "branch" : 10},
        {"id": 60, "interface" : "query", "branch" : 10}
    ]
    },
    {
      "id": 1,
      "type": "branch",
      "balance": 0
    },
    {
      "id": 2,
      "type": "branch",
      "balance": 0
    },
    {
      "id": 3,
      "type": "branch",
      "balance": 0
    },
    {
      "id": 4,
      "type": "branch",
      "balance": 0
    },
    {
      "id": 5,
      "type": "branch",
      "balance": 0
    },
    {
      "id": 6,
      "type": "branch",
      "balance": 0
    },
    {
      "id": 7,
      "type": "branch",
      "balance": 0
    },
    {
      "id": 8,
      "type": "branch",
      "balance": 0
    },
    {
      "id": 9,
      "type": "branch",
      "balance": 0
    },
    {
      "id": 10,
      "type": "branch",
      "balance": 0
    }
  ]
  